ID_GRAFIC,Provincia,Estadillo,Poligon,MAPX,MAPY,Parcela
0,17,2,2125567,1.806511291,42.48015,170002
1,17,3,2125100,1.781808117,42.47164982,170003
2,17,4,2100928,1.794463604,42.47143242,170004
3,17,5,2453718,1.745984166,42.46184342,170005
4,17,9,2100928,1.806914752,42.4627551,170009
5,17,10,2453748,1.758323056,42.45354838,170010
6,17,11,2453641,1.807265314,42.45325766,170011
7,17,16,2127626,1.770030165,42.43449231,170016
8,17,17,2100928,1.820260887,42.47164686,170017
9,17,22,2100672,1.856510013,42.46105425,170022
10,17,26,648427,1.954091258,42.39160554,170026
11,17,28,2103578,1.954004292,42.38294105,170028
12,17,34,662881,1.979169558,42.36448057,170034
13,17,37,647737,1.942358257,42.35522197,170037
14,17,40,647695,1.979687744,42.35572238,170040
15,17,46,465203,1.942340943,42.34611678,170046
16,17,47,647266,1.966687411,42.34657295,170047
17,17,50,465206,2.003565966,42.34687237,170050
18,17,53,662249,1.906470965,42.3374047,170053
19,17,57,2103533,1.966986845,42.3371824,170057
20,17,58,662388,1.991330769,42.33835378,170058
21,17,59,662384,2.015616577,42.3378624,170059
22,17,61,2104334,2.100591092,42.3386055,170061
23,17,63,2104483,2.137842135,42.33890066,170063
24,17,65,663522,2.293822388,42.41233975,170065
25,17,68,2457911,2.293840962,42.40309974,170068
26,17,70,2129468,2.318614383,42.4034478,170070
27,17,75,2129468,2.330167365,42.39461798,170075
28,17,80,2491186,2.198198548,42.37518259,170080
29,17,82,2458199,2.318455681,42.37656397,170082
30,17,83,2135191,2.36708857,42.37674369,170083
31,17,84,2134458,2.403781415,42.37694939,170084
32,17,85,2458122,2.282614359,42.36669085,170085
33,17,86,2135050,2.404598646,42.36758736,170086
34,17,88,2139150,2.270808803,42.35837585,170088
35,17,90,2138717,2.294123057,42.35840468,170090
36,17,92,2139418,2.441189105,42.35957603,170092
37,17,95,2140707,2.294796381,42.34814193,170095
38,17,96,2139771,2.367962839,42.35011764,170096
39,17,100,2141618,2.307493504,42.34061821,170100
40,17,101,2136816,2.355264043,42.34050051,170101
41,17,102,2141286,2.40379522,42.34080816,170102
42,17,103,2139457,2.440452317,42.34133514,170103
43,17,106,2130578,2.743992558,42.41385072,170106
44,17,108,2464889,2.792436717,42.41410177,170108
45,17,112,2465553,2.731144983,42.40555379,170112
46,17,113,2464450,2.743603566,42.40491589,170113
47,17,118,2133332,2.682839083,42.39610009,170118
48,17,119,2133540,2.694685083,42.39622231,170119
49,17,120,2464449,2.706897405,42.39596599,170120
50,17,121,2132873,2.731914173,42.3961443,170121
51,17,125,2132556,2.779615307,42.39648908,170125
52,17,130,2134114,2.718565537,42.38695316,170130
53,17,131,2134114,2.731683082,42.38764205,170131
54,17,133,2464395,2.780145062,42.38743902,170133
55,17,137,2465578,2.670604088,42.37743208,170137
56,17,139,2135928,2.695586926,42.37805951,170139
57,17,140,2136112,2.707575662,42.37810873,170140
58,17,141,2135106,2.719922204,42.37691473,170141
59,17,143,2449892,2.743870609,42.37809649,170143
60,17,146,2464395,2.78001854,42.37844173,170146
61,17,147,2484991,2.792348277,42.37826659,170147
62,17,149,2137566,2.682757741,42.36882053,170149
63,17,150,2137566,2.6961294,42.36883874,170150
64,17,152,2136660,2.719738284,42.36910602,170152
65,17,155,2464403,2.755287494,42.36901629,170155
66,17,157,2464785,2.804912182,42.36912948,170157
67,17,158,2137566,2.683542698,42.36003277,170158
68,17,161,2138927,2.73220109,42.36008469,170161
69,17,162,2138859,2.743871499,42.35994024,170162
70,17,164,2464391,2.768182904,42.35984787,170164
71,17,165,2464427,2.78041151,42.35978188,170165
72,17,166,2138981,2.792152702,42.36021805,170166
73,17,168,2451740,2.58602896,42.35113035,170168
74,17,169,2467222,2.597820814,42.34886676,170169
75,17,172,2464455,2.755989086,42.35091554,170172
76,17,177,2140204,2.561144497,42.34154538,170177
77,17,178,2140204,2.57330811,42.34161831,170178
78,17,180,2451700,2.610540138,42.34175982,170180
79,17,181,2467894,2.622328637,42.34164615,170181
80,17,185,2449822,2.696113422,42.34191047,170185
81,17,188,2449834,2.731440813,42.34185456,170188
82,17,191,2449907,2.768175151,42.34213284,170191
83,17,192,2464430,2.780266252,42.34221969,170192
84,17,194,2125188,2.938801236,42.46836321,170194
85,17,197,2445962,2.998941702,42.46840656,170197
86,17,198,2125188,2.925661606,42.45989887,170198
87,17,199,2125188,2.938432975,42.45934807,170199
88,17,202,2125188,2.986645468,42.45939085,170202
89,17,206,2126752,2.840935609,42.45055449,170206
90,17,208,15235269,2.864746186,42.45075618,170208
91,17,209,2446822,2.877236095,42.45042801,170209
92,17,213,2451966,2.92635423,42.45007383,170213
93,17,215,2451974,2.962119337,42.44972198,170215
94,17,218,2445948,2.998565017,42.45049374,170218
95,17,219,2445948,3.010750177,42.4502771,170219
96,17,222,2126752,2.840874234,42.4411702,170222
97,17,223,15235267,2.877179809,42.44189029,170223
98,17,224,2446801,2.902192078,42.44139202,170224
99,17,227,2446861,2.962768714,42.44151776,170227
100,17,228,2126028,2.986892407,42.44171218,170228
101,17,231,2445909,3.035540922,42.44108601,170231
102,17,233,2126752,2.827924905,42.43225358,170233
103,17,235,15235269,2.852920135,42.43236943,170235
104,17,238,15235267,2.90283878,42.43205337,170238
105,17,239,2446785,2.91364643,42.43219711,170239
106,17,240,2446780,2.925681992,42.43236765,170240
107,17,242,2131101,2.950373878,42.43202977,170242
108,17,246,2128310,3.0231597,42.43211922,170246
109,17,250,15235267,2.889043903,42.42307988,170250
110,17,251,15235267,2.901563437,42.42353261,170251
111,17,253,2129098,2.938152108,42.42340509,170253
112,17,256,2451911,2.986543777,42.42307875,170256
113,17,257,2445730,2.998869526,42.42337674,170257
114,17,258,2465847,3.023691262,42.42319417,170258
115,17,259,2445664,3.120571172,42.42308819,170259
116,17,260,2129547,3.133066998,42.42303834,170260
117,17,265,15235269,2.864447681,42.41434463,170265
118,17,266,15235267,2.877110861,42.41494429,170266
119,17,267,15235267,2.889533889,42.41401131,170267
120,17,270,2465927,2.950375402,42.41468421,170270
121,17,273,15235269,2.840467092,42.40513663,170273
122,17,276,2131974,2.828461773,42.3958611,170276
123,17,277,2126681,2.840513567,42.39638283,170277
124,17,278,15235267,2.889382913,42.39617923,170278
125,17,280,2133537,3.07176023,42.39623715,170280
126,17,281,2445790,3.096134003,42.39629135,170281
127,17,286,2446515,2.864748836,42.38730887,170286
128,17,288,15235267,2.901583574,42.3873284,170288
129,17,292,2131974,2.828182375,42.37801968,170292
130,17,294,15235221,2.852669517,42.37843202,170294
131,17,298,2464785,2.816741409,42.36918502,170298
132,17,299,15235267,2.901223093,42.36928893,170299
133,17,306,15235221,2.865402822,42.3598231,170306
134,17,308,15235221,2.889810219,42.36027244,170308
135,17,314,15235221,2.85313421,42.35102708,170314
136,17,315,15235221,2.864657175,42.35078909,170315
137,17,316,2142282,2.841294257,42.34209525,170316
138,17,322,2102484,1.857409312,42.32782122,170322
139,17,324,2143578,1.931038534,42.32889157,170324
140,17,325,2103534,1.955080146,42.32829365,170325
141,17,327,646739,2.003628145,42.32909506,170327
142,17,331,2104493,2.100945288,42.32907989,170331
143,17,334,2104483,2.137099642,42.33016822,170334
144,17,339,646375,2.052813806,42.32064999,170339
145,17,342,2105189,2.089185803,42.32055742,170342
146,17,343,474645,2.113559155,42.32107265,170343
147,17,344,661980,2.039878175,42.31100499,170344
148,17,346,2105178,2.064537631,42.31158708,170346
149,17,349,645995,2.113275046,42.31192029,170349
150,17,354,645995,2.101030804,42.30261173,170354
151,17,358,2105821,2.125509067,42.29329959,170358
152,17,362,485424,2.052944891,42.27547657,170362
153,17,365,2105994,2.052970584,42.26647066,170365
154,17,366,719270,2.0652103,42.26611177,170366
155,17,367,1601215,2.07726756,42.2666147,170367
156,17,368,644932,2.089029713,42.26657364,170368
157,17,372,485203,2.040980586,42.25754502,170372
158,17,373,485236,2.052973484,42.25736549,170373
159,17,376,2106047,2.089530135,42.25707613,170376
160,17,379,644400,2.12489855,42.25677507,170379
161,17,385,718992,2.126313402,42.24913061,170385
162,17,387,2467573,2.029153976,42.23897389,170387
163,17,390,2467568,2.065528485,42.23963628,170390
164,17,395,2155185,2.126163388,42.23979907,170395
165,17,398,2164442,2.041950996,42.23027347,170398
166,17,399,2467573,2.053437363,42.23039586,170399
167,17,402,2467478,2.102267608,42.23087851,170402
168,17,405,2467576,2.029471807,42.22060398,170405
169,17,406,2162219,2.042439306,42.22121732,170406
170,17,408,2467541,2.065453538,42.22089379,170408
171,17,410,2467478,2.089942128,42.2216671,170410
172,17,413,2467444,2.126776249,42.22171928,170413
173,17,414,2459874,2.139535947,42.22166261,170414
174,17,418,2467458,2.089703103,42.21300123,170418
175,17,419,2467458,2.101933618,42.21254826,170419
176,17,420,2467442,2.114782318,42.21292733,170420
177,17,421,2467444,2.126303513,42.21294362,170421
178,17,424,2467755,2.066202295,42.20296852,170424
179,17,425,2467755,2.078388582,42.20376956,170425
180,17,428,2467440,2.114693804,42.20365023,170428
181,17,432,2157890,1.981278161,42.19386093,170432
182,17,436,2467463,2.090174477,42.19450617,170436
183,17,441,2167007,1.969319369,42.1852162,170441
184,17,444,2468003,2.078493872,42.18568587,170444
185,17,446,2459999,2.115630315,42.1860052,170446
186,17,448,2459906,2.13929688,42.18572589,170448
187,17,451,2468003,2.042030133,42.17612872,170451
188,17,454,2468003,2.090772075,42.17647136,170454
189,17,456,2169783,2.114874892,42.17678595,170456
190,17,460,2170937,2.041685907,42.16684938,170460
191,17,466,2460060,2.139594878,42.16731928,170466
192,17,470,2141967,2.198555997,42.32985774,170470
193,17,471,2135555,2.209699283,42.32977298,170471
194,17,472,2144007,2.331116112,42.33155423,170472
195,17,473,2141899,2.429331853,42.33198604,170473
196,17,474,2141967,2.174220772,42.32147153,170474
197,17,477,2458669,2.282857806,42.32177915,170477
198,17,479,2458940,2.429028325,42.32260016,170479
199,17,481,2483655,2.465236732,42.32329709,170481
200,17,487,2458926,2.428656628,42.3140515,170487
201,17,488,2458929,2.441192312,42.31396917,170488
202,17,490,15236809,2.149270558,42.30336703,170490
203,17,492,2147644,2.173644098,42.30340117,170492
204,17,493,2148583,2.211158605,42.30331414,170493
205,17,494,2148799,2.222956905,42.303845,170494
206,17,495,2148433,2.258904542,42.30392985,170495
207,17,497,2458922,2.404777899,42.30482484,170497
208,17,499,2458928,2.441088228,42.30516066,170499
209,17,501,2459353,2.465573544,42.3050072,170501
210,17,505,2458966,2.333497984,42.2956337,170505
211,17,506,2150067,2.344345216,42.29542605,170506
212,17,508,2458992,2.392658669,42.29584521,170508
213,17,513,2459376,2.45435793,42.29574109,170513
214,17,516,2151028,2.150254297,42.28524503,170516
215,17,517,2150920,2.161563621,42.28576957,170517
216,17,518,2151172,2.308138381,42.28619817,170518
217,17,520,2151172,2.332167185,42.28610646,170520
218,17,522,2150323,2.356093361,42.28655851,170522
219,17,523,2150762,2.380932939,42.28666827,170523
220,17,525,2149089,2.417765049,42.28714938,170525
221,17,528,2459368,2.478683161,42.28660491,170528
222,17,530,2156760,2.271600328,42.2771639,170530
223,17,531,2152779,2.284116953,42.27706259,170531
224,17,532,2152776,2.307895484,42.27736166,170532
225,17,534,2151172,2.33306084,42.27727661,170534
226,17,535,2490025,2.34464437,42.27710022,170535
227,17,537,2459002,2.381959688,42.27841515,170537
228,17,538,2458998,2.393571921,42.27778367,170538
229,17,539,2151522,2.405308947,42.27804327,170539
230,17,540,2151522,2.417536723,42.27770074,170540
231,17,542,2459376,2.463743237,42.28049287,170542
232,17,543,2154100,2.150095654,42.26726761,170543
233,17,544,2154530,2.162425459,42.26740335,170544
234,17,548,2153355,2.21052218,42.26781658,170548
235,17,550,2152968,2.271775109,42.26830294,170550
236,17,551,2151172,2.295905286,42.26830051,170551
237,17,554,2154121,2.332559283,42.26849267,170554
238,17,556,2459219,2.357027179,42.26867749,170556
239,17,557,2154283,2.380928216,42.26856583,170557
240,17,558,2154053,2.392676974,42.26868268,170558
241,17,560,2459277,2.417074338,42.26865618,170560
242,17,563,2459311,2.453830757,42.26970171,170563
243,17,566,644400,2.150534685,42.25804855,170566
244,17,568,2459617,2.186954032,42.25806936,170568
245,17,569,2484781,2.210594573,42.25812644,170569
246,17,570,2155500,2.247488576,42.25902289,170570
247,17,571,2155737,2.259768011,42.25920187,170571
248,17,574,2483783,2.320317141,42.2590093,170574
249,17,575,2154316,2.332791991,42.25907355,170575
250,17,578,2459002,2.39401695,42.25917922,170578
251,17,581,2156221,2.429827925,42.25954296,170581
252,17,583,2459380,2.454231084,42.25984181,170583
253,17,585,2444687,2.479073722,42.25980423,170585
254,17,589,2155500,2.186773357,42.24948519,170589
255,17,590,2155500,2.198879795,42.24880486,170590
256,17,593,2155500,2.247549715,42.24980095,170593
257,17,595,2157464,2.368743242,42.25018979,170595
258,17,598,2138228,2.405968409,42.25043366,170598
259,17,600,2138228,2.429321732,42.24979571,170600
260,17,602,2158245,2.454521165,42.25009845,170602
261,17,605,2155185,2.15100537,42.24012974,170605
262,17,608,2459782,2.199158723,42.24016987,170608
263,17,609,2159602,2.21104288,42.2406395,170609
264,17,611,2155500,2.235256022,42.24092058,170611
265,17,612,2459772,2.24755763,42.24097493,170612
266,17,615,2158902,2.32016688,42.24139226,170615
267,17,617,2462717,2.344381836,42.24157826,170617
268,17,619,2158556,2.368546181,42.24199304,170619
269,17,620,2158930,2.40565099,42.24163293,170620
270,17,621,2159513,2.429698835,42.24157489,170621
271,17,625,2158697,2.47790981,42.24216473,170625
272,17,629,2459778,2.210154113,42.2312399,170629
273,17,631,2164640,2.224666546,42.20396895,170631
274,17,633,2159764,2.29632073,42.23202606,170633
275,17,636,2462717,2.333007801,42.23168688,170636
276,17,637,2462717,2.344641065,42.23175394,170637
277,17,640,2159987,2.381451795,42.23236364,170640
278,17,642,2161252,2.405492874,42.23265288,170642
279,17,646,2459073,2.453724768,42.23281167,170646
280,17,648,2160817,2.47880095,42.2325591,170648
281,17,649,2459874,2.150674384,42.22233103,170649
282,17,651,2459778,2.211674847,42.22297364,170651
283,17,656,2158694,2.332492192,42.22081334,170656
284,17,662,2160550,2.404831135,42.22311182,170662
285,17,664,2447084,2.478616133,42.22409237,170664
286,17,667,2163168,2.175869392,42.21363468,170667
287,17,670,2161840,2.224034729,42.21303398,170670
288,17,672,2460269,2.248648504,42.21440468,170672
289,17,677,2162930,2.344640846,42.21420074,170677
290,17,679,2163798,2.369405064,42.21415943,170679
291,17,680,2163818,2.392260219,42.21484119,170680
292,17,682,2163818,2.405820172,42.21455198,170682
293,17,683,2459902,2.150859454,42.20399571,170683
294,17,684,2459997,2.162991941,42.20438208,170684
295,17,686,2164640,2.21212702,42.20414469,170686
296,17,688,2161840,2.248830087,42.20419277,170688
297,17,691,2163333,2.28410532,42.20518388,170691
298,17,692,2462662,2.296066246,42.20475355,170692
299,17,693,2164944,2.321137745,42.2050848,170693
300,17,695,2164666,2.344813606,42.2056908,170695
301,17,697,2163798,2.394137916,42.20598893,170697
302,17,699,2163818,2.417879603,42.20613889,170699
303,17,702,2490377,2.466446335,42.20586171,170702
304,17,703,2490377,2.477976379,42.20613992,170703
305,17,707,2161840,2.248520819,42.19553572,170707
306,17,709,2463306,2.357237521,42.19660168,170709
307,17,711,2166956,2.382084935,42.19601771,170711
308,17,713,2166508,2.405943186,42.19625182,170713
309,17,714,2166508,2.418077383,42.19646712,170714
310,17,716,2490378,2.442444463,42.19672324,170716
311,17,720,2168318,2.18730666,42.18618414,170720
312,17,724,2462937,2.248308812,42.18685226,170724
313,17,729,2167926,2.309000685,42.1872249,170729
314,17,730,2462993,2.321754033,42.18710287,170730
315,17,734,2167910,2.393172574,42.18787215,170734
316,17,737,2169274,2.163170632,42.17706737,170737
317,17,740,2460267,2.224151798,42.17772115,170740
318,17,744,2462623,2.272633894,42.17770556,170744
319,17,745,2462979,2.284539341,42.1774472,170745
320,17,749,2463327,2.334119558,42.17777271,170749
321,17,754,2168084,2.418287574,42.17618594,170754
322,17,758,2169998,2.478789621,42.1779358,170758
323,17,759,2171119,2.16343318,42.16817106,170759
324,17,760,2171423,2.176045944,42.1683434,170760
325,17,765,2168900,2.248098506,42.16882926,170765
326,17,766,2462623,2.260682624,42.1694154,170766
327,17,767,2462623,2.271895066,42.16927997,170767
328,17,771,2462990,2.321889898,42.16872176,170771
329,17,773,2463330,2.345684446,42.16941834,170773
330,17,776,2463353,2.394534618,42.16950642,170776
331,17,778,2463379,2.417977887,42.16902432,170778
332,17,780,2463374,2.454059715,42.17000326,170780
333,17,783,2142766,2.54976095,42.33253116,170783
334,17,786,2451700,2.598478498,42.33327949,170786
335,17,790,2451561,2.646058729,42.33358032,170790
336,17,791,2451561,2.657696829,42.33404795,170791
337,17,795,2449855,2.744648892,42.33288761,170795
338,17,797,2143160,2.804962194,42.33332127,170797
339,17,799,2465654,2.501375793,42.32365807,170799
340,17,800,2144068,2.513583891,42.32380057,170800
341,17,802,2451686,2.550492394,42.32356393,170802
342,17,804,2142766,2.572839682,42.32293787,170804
343,17,808,2451561,2.634621248,42.32364671,170808
344,17,809,2144958,2.647399743,42.32384882,170809
345,17,810,2144958,2.658418082,42.32413435,170810
346,17,814,2449855,2.707316389,42.32405343,170814
347,17,816,2467049,2.731868352,42.32408645,170816
348,17,819,2144768,2.803788894,42.32418704,170819
349,17,821,2451483,2.501251819,42.31476848,170821
350,17,823,2146893,2.52586285,42.31451264,170823
351,17,828,2146385,2.59852496,42.31451987,170828
352,17,829,2451669,2.611420037,42.31517671,170829
353,17,833,2449681,2.671599257,42.31461733,170833
354,17,835,2145934,2.695695734,42.31523318,170835
355,17,838,2143164,2.731882163,42.31511636,170838
356,17,839,2143164,2.744197816,42.31539666,170839
357,17,840,2143164,2.756564171,42.31514439,170840
358,17,841,2146387,2.768431725,42.315214,170841
359,17,842,2467679,2.502534959,42.30592101,170842
360,17,851,2451185,2.610616665,42.30573553,170851
361,17,856,2449681,2.683850682,42.30583472,170856
362,17,857,2451500,2.695582078,42.30608261,170857
363,17,858,2451500,2.707667595,42.30586189,170858
364,17,859,2451514,2.756452096,42.30644419,170859
365,17,864,2148823,2.538020207,42.29646889,170864
366,17,865,2149759,2.549580041,42.29663195,170865
367,17,866,2451423,2.573549388,42.29691272,170866
368,17,867,2451423,2.584830766,42.29701716,170867
369,17,869,2449566,2.609793885,42.2975101,170869
370,17,872,2451349,2.646106509,42.2968984,170872
371,17,874,2451500,2.671316562,42.29664921,170874
372,17,880,2443538,2.744308105,42.29714139,170880
373,17,881,2443538,2.756233366,42.29709531,170881
374,17,885,2444573,2.514057619,42.28746274,170885
375,17,888,2444566,2.549969255,42.28796954,170888
376,17,890,2451423,2.574110287,42.28748533,170890
377,17,891,2451423,2.586541373,42.28772896,170891
378,17,892,2451176,2.598632087,42.28810514,170892
379,17,897,2451349,2.659243794,42.28805809,170897
380,17,900,2150663,2.707276803,42.28807367,170900
381,17,902,2443504,2.731946838,42.28843119,170902
382,17,903,2443504,2.743736925,42.28841311,170903
383,17,908,2441202,2.805235728,42.28792162,170908
384,17,912,2444643,2.550278647,42.27857729,170912
385,17,913,2444643,2.562046409,42.27801941,170913
386,17,918,2451176,2.62288648,42.27873095,170918
387,17,920,2451209,2.647600733,42.27911576,170920
388,17,921,2451631,2.658332924,42.27929234,170921
389,17,924,2443443,2.707694574,42.2790415,170924
390,17,929,2449479,2.768248349,42.27918886,170929
391,17,932,2449465,2.804679802,42.2794098,170932
392,17,935,2467722,2.513066302,42.26970732,170935
393,17,939,2444653,2.584839465,42.2679812,170939
394,17,940,2153966,2.598867981,42.27003952,170940
395,17,944,2154094,2.647808139,42.27018223,170944
396,17,947,2154568,2.683312451,42.27038483,170947
397,17,948,2443443,2.695429249,42.26981423,170948
398,17,950,2443561,2.719812188,42.27039875,170950
399,17,951,2443562,2.731357574,42.27010215,170951
400,17,952,2153610,2.744113488,42.27029344,170952
401,17,953,2154644,2.756288889,42.27010381,170953
402,17,958,2467083,2.501279365,42.26053337,170958
403,17,962,2443575,2.623017918,42.26074595,170962
404,17,964,2443575,2.647265884,42.26086812,170964
405,17,966,2451557,2.671365822,42.26149809,170966
406,17,969,2443443,2.7079031,42.26014696,170969
407,17,975,2154257,2.780086272,42.26142486,170975
408,17,976,2155257,2.792932903,42.25934131,170976
409,17,978,2447072,2.48924977,42.25180743,170978
410,17,980,2157460,2.526146328,42.250804,170980
411,17,982,2444689,2.562763567,42.25146279,170982
412,17,984,2446958,2.599094429,42.25152349,170984
413,17,986,2443575,2.623859934,42.25167042,170986
414,17,989,2466179,2.659366877,42.25169131,170989
415,17,993,2443571,2.719955047,42.25181922,170993
416,17,994,2443571,2.732344054,42.25189383,170994
417,17,997,2154257,2.768784983,42.25181997,170997
418,17,999,2158004,2.792593796,42.25182947,170999
419,17,1000,2159038,2.488975936,42.24217854,171000
420,17,1004,2442441,2.538710034,42.24181294,171004
421,17,1007,2159579,2.586955184,42.24293348,171007
422,17,1008,2159390,2.610786701,42.24263856,171008
423,17,1010,2443571,2.708093828,42.24245015,171010
424,17,1011,2159637,2.720091725,42.2428403,171011
425,17,1013,2443294,2.744394967,42.24263585,171013
426,17,1014,2443297,2.756938855,42.24295132,171014
427,17,1015,2443301,2.76840721,42.24241666,171015
428,17,1018,2447084,2.501137569,42.2339103,171018
429,17,1025,2443733,2.671690945,42.23387682,171025
430,17,1029,2161049,2.72056781,42.23383518,171029
431,17,1031,2443049,2.756986502,42.23369296,171031
432,17,1032,2443302,2.769299737,42.23364634,171032
433,17,1034,2159217,2.804590365,42.23375692,171034
434,17,1037,2160280,2.514033422,42.22429292,171037
435,17,1039,2447140,2.551280066,42.22457977,171039
436,17,1040,2160946,2.563263846,42.22462602,171040
437,17,1046,2443195,2.696832892,42.22486768,171046
438,17,1047,2160896,2.708296374,42.22478933,171047
439,17,1051,2443052,2.792657931,42.22483775,171051
440,17,1052,2161568,2.804533819,42.22458841,171052
441,17,1055,2443339,2.683669901,42.21584384,171055
442,17,1057,2443062,2.720574417,42.21584961,171057
443,17,1061,2442718,2.502348178,42.20630228,171061
444,17,1062,2442718,2.513750451,42.20747697,171062
445,17,1065,2164742,2.562880216,42.20645885,171065
446,17,1067,2443780,2.587035336,42.20646729,171067
447,17,1068,2443780,2.599975341,42.20609886,171068
448,17,1069,2442341,2.61099972,42.20597466,171069
449,17,1074,2466215,2.781015207,42.20667738,171074
450,17,1078,2442613,2.551423323,42.19748935,171078
451,17,1082,2443778,2.598828855,42.19775499,171082
452,17,1084,2442341,2.623392849,42.19770317,171084
453,17,1085,2442341,2.635384182,42.19766986,171085
454,17,1088,2442341,2.671977314,42.19728498,171088
455,17,1089,2166180,2.720387952,42.19769239,171089
456,17,1091,2166107,2.756591433,42.19772088,171091
457,17,1095,2167145,2.538567774,42.18811681,171095
458,17,1098,2466080,2.574729346,42.18813948,171098
459,17,1099,2443778,2.586897929,42.18850817,171099
460,17,1100,2167852,2.59959963,42.18885942,171100
461,17,1103,2442341,2.647741739,42.18839591,171103
462,17,1105,2442341,2.67239888,42.1883609,171105
463,17,1108,2168208,2.708257798,42.18841266,171108
464,17,1110,2168604,2.756382637,42.1890113,171110
465,17,1111,2442928,2.781113688,42.18867387,171111
466,17,1114,2466094,2.550984552,42.17905165,171114
467,17,1115,2443780,2.562957126,42.17947616,171115
468,17,1117,2466090,2.586303811,42.17932855,171117
469,17,1120,2442399,2.624227974,42.179405,171120
470,17,1121,2442399,2.6357179,42.1796312,171121
471,17,1122,2169943,2.647887349,42.17961516,171122
472,17,1124,2442341,2.672287728,42.17939925,171124
473,17,1126,2442766,2.696079307,42.17985202,171126
474,17,1128,2466188,2.720769486,42.17980669,171128
475,17,1129,2169715,2.732588297,42.17967273,171129
476,17,1132,2443780,2.575053786,42.17043418,171132
477,17,1133,2164031,2.587322564,42.16976746,171133
478,17,1139,2442766,2.67274488,42.17058331,171139
479,17,1140,2442766,2.684485264,42.16885095,171140
480,17,1141,2442766,2.696134446,42.1708638,171141
481,17,1142,2169666,2.708288723,42.17114752,171142
482,17,1146,15235221,2.840625207,42.33301614,171146
483,17,1150,2143607,2.829615628,42.32410224,171150
484,17,1151,2446721,2.840903713,42.32365013,171151
485,17,1154,15235221,2.889691623,42.32392359,171154
486,17,1155,15235221,2.901232755,42.32433939,171155
487,17,1161,15235221,2.877917663,42.30590833,171161
488,17,1165,2441191,2.828368472,42.29623527,171165
489,17,1167,2441134,2.85329554,42.29728757,171167
490,17,1170,2452094,2.852928565,42.28816381,171170
491,17,1171,15235221,2.865470405,42.28824226,171171
492,17,1173,2449463,2.816967515,42.27867354,171173
493,17,1176,2441205,2.852707079,42.27910327,171176
494,17,1181,2441201,2.829008736,42.27031633,171181
495,17,1185,2441257,2.828960861,42.26111188,171185
496,17,1189,2447330,2.865340979,42.25218112,171189
497,17,1190,2159532,2.877590261,42.24314354,171190
498,17,1191,2442085,2.841515055,42.22504174,171191
499,17,1192,2162376,2.878085962,42.22490632,171192
500,17,1194,2163633,2.828561204,42.21616991,171194
501,17,1195,2470632,2.890473023,42.21616467,171195
502,17,1197,2165207,2.865775869,42.20714111,171197
503,17,1199,2441934,2.902045509,42.20710576,171199
504,17,1200,2442141,2.913723828,42.20685395,171200
505,17,1201,2441682,2.926152085,42.20749307,171201
506,17,1202,2441667,2.841498857,42.19759943,171202
507,17,1206,2165420,2.889874338,42.1981244,171206
508,17,1208,2166271,2.938783752,42.19846714,171208
509,17,1209,2166655,2.87742767,42.18934859,171209
510,17,1213,2170086,2.889869554,42.17994954,171213
511,17,1214,2168828,2.913869645,42.17976293,171214
512,17,1216,2170158,2.817749681,42.17126555,171216
513,17,1222,2450945,3.229719826,42.32413381,171222
514,17,1224,2450778,3.168650042,42.31545889,171224
515,17,1226,2151018,3.205318881,42.28850662,171226
516,17,1229,2477119,2.102974784,42.1586359,171229
517,17,1232,2468003,2.042287705,42.15825341,171232
518,17,1234,2476364,2.067419904,42.14897682,171234
519,17,1238,2476371,2.12750428,42.14943148,171238
520,17,1240,2476360,2.066938486,42.140552,171240
521,17,1242,2476371,2.140097901,42.1408985,171242
522,17,1243,2476385,2.103103058,42.13154587,171243
523,17,1247,2478923,2.006450891,42.12233769,171247
524,17,1248,2478923,2.018757663,42.12211937,171248
525,17,1252,2460069,2.151560257,42.15884339,171252
526,17,1254,2460076,2.175256182,42.15924134,171254
527,17,1255,2460076,2.187845436,42.15922308,171255
528,17,1258,2167383,2.224266124,42.15944811,171258
529,17,1261,2462983,2.296891376,42.15981712,171261
530,17,1263,2462993,2.333581626,42.16096376,171263
531,17,1267,2168084,2.405430845,42.16044897,171267
532,17,1269,2168605,2.453666529,42.16082391,171269
533,17,1270,2171656,2.478759947,42.16090463,171270
534,17,1276,2174200,2.223949661,42.14968309,171276
535,17,1277,2172393,2.249044457,42.15026439,171277
536,17,1280,2173968,2.308996692,42.15088431,171280
537,17,1282,2463392,2.332741838,42.15102486,171282
538,17,1286,2460069,2.151883297,42.14099523,171286
539,17,1288,2464498,2.188079223,42.14093286,171288
540,17,1289,2175749,2.199643907,42.14126629,171289
541,17,1293,2174972,2.29739072,42.14203261,171293
542,17,1295,2463514,2.321488233,42.14172733,171295
543,17,1299,2175641,2.405982759,42.14285337,171299
544,17,1302,2467528,2.477834469,42.14242831,171302
545,17,1304,2464960,2.199592908,42.13186329,171304
546,17,1305,2174972,2.296958507,42.13296954,171305
547,17,1306,2175715,2.309660856,42.13319978,171306
548,17,1307,2176787,2.321486612,42.132811,171307
549,17,1308,2177792,2.333327654,42.13325868,171308
550,17,1311,2463396,2.393332828,42.13308728,171311
551,17,1317,2463482,2.370007698,42.12418934,171317
552,17,1318,2178662,2.345894594,42.1243246,171318
553,17,1319,2463482,2.370049843,42.12482002,171319
554,17,1323,2176916,2.466556185,42.1250661,171323
555,17,1326,2179428,2.394064828,42.11595193,171326
556,17,1327,2463443,2.418650957,42.11664654,171327
557,17,1328,2463443,2.430361487,42.1152012,171328
558,17,1329,2463465,2.383705833,42.10640398,171329
559,17,1333,2180193,2.430807052,42.10731376,171333
560,17,1334,2179167,2.467042774,42.10742473,171334
561,17,1338,2180193,2.442838495,42.09799708,171338
562,17,1339,2183091,2.466042082,42.0983956,171339
563,17,1341,2180807,2.418579328,42.08874417,171341
564,17,1342,2184692,2.467040316,42.08894344,171342
565,17,1343,2179167,2.478538112,42.08909533,171343
566,17,1345,2184964,2.41888944,42.07993739,171345
567,17,1347,2491526,2.442908558,42.08031769,171347
568,17,1348,2185430,2.45470018,42.07985195,171348
569,17,1353,2172012,2.488033588,42.16077527,171353
570,17,1354,2468819,2.502604287,42.16128067,171354
571,17,1355,2172768,2.527285942,42.16142105,171355
572,17,1358,2164031,2.599480466,42.16168679,171358
573,17,1361,2171912,2.659922176,42.1617828,171361
574,17,1368,2171680,2.744393819,42.16177693,171368
575,17,1371,2171831,2.490643769,42.15228486,171371
576,17,1373,2174025,2.515058358,42.15206642,171373
577,17,1376,2174244,2.611532621,42.15257773,171376
578,17,1377,2467450,2.623635236,42.15275316,171377
579,17,1378,2467447,2.635956617,42.15278391,171378
580,17,1379,2173866,2.672366207,42.15246136,171379
581,17,1381,2171680,2.708384588,42.15290981,171381
582,17,1382,2172302,2.720754465,42.15294058,171382
583,17,1386,2175253,2.55146822,42.14315409,171386
584,17,1389,2175037,2.648037827,42.14373414,171389
585,17,1390,2174881,2.660018059,42.14386933,171390
586,17,1391,2469879,2.672313741,42.14386007,171391
587,17,1393,2171680,2.708377638,42.14387635,171393
588,17,1394,2171680,2.720637156,42.1438348,171394
589,17,1400,2467528,2.515138041,42.13369368,171400
590,17,1401,2467534,2.52763218,42.13439426,171401
591,17,1402,2175399,2.575342973,42.13442765,171402
592,17,1406,2176986,2.623645742,42.13463228,171406
593,17,1407,2174881,2.65976373,42.13486215,171407
594,17,1408,2176498,2.672204868,42.13446605,171408
595,17,1409,2171680,2.696657104,42.1349476,171409
596,17,1416,2177329,2.513743695,42.12457327,171416
597,17,1421,2467386,2.587597285,42.125592,171421
598,17,1422,2467374,2.599043188,42.12547946,171422
599,17,1426,2174881,2.672600482,42.12578497,171426
600,17,1429,2177179,2.490970941,42.11597242,171429
601,17,1430,2177179,2.502761478,42.11644742,171430
602,17,1435,2176688,2.576214789,42.11618381,171435
603,17,1438,2467383,2.61177663,42.11659785,171438
604,17,1439,2180073,2.635582801,42.11665791,171439
605,17,1441,2179960,2.661473651,42.11597166,171441
606,17,1443,2178857,2.696102712,42.1167621,171443
607,17,1446,2178088,2.732865447,42.11666443,171446
608,17,1449,2178645,2.526732737,42.10729916,171449
609,17,1453,2467399,2.575667881,42.10749956,171453
610,17,1454,2467386,2.587293481,42.10715468,171454
611,17,1455,2467386,2.59984374,42.1078476,171455
612,17,1460,2178857,2.684715314,42.10785999,171460
613,17,1462,2448979,2.708798289,42.10752735,171462
614,17,1463,2181162,2.720360003,42.10779928,171463
615,17,1464,2448979,2.732152311,42.10790847,171464
616,17,1466,2181965,2.491102423,42.09802313,171466
617,17,1468,2465525,2.514974271,42.09805446,171468
618,17,1470,2182605,2.539232052,42.09823548,171470
619,17,1473,2467386,2.575859153,42.09876398,171473
620,17,1474,2467386,2.587844198,42.09869057,171474
621,17,1479,2181235,2.67219512,42.09880041,171479
622,17,1484,2183263,2.527191912,42.08945021,171484
623,17,1485,2184581,2.539282798,42.08955343,171485
624,17,1493,2181235,2.674425019,42.08842226,171493
625,17,1494,2181235,2.685703884,42.08892204,171494
626,17,1499,2184526,2.756545087,42.08976968,171499
627,17,1505,2180866,2.599990103,42.08071154,171505
628,17,1507,2180866,2.62430359,42.08062258,171507
629,17,1508,2180866,2.635526433,42.08003732,171508
630,17,1511,2180866,2.673133536,42.08090715,171511
631,17,1515,2448979,2.720828526,42.08095202,171515
632,17,1518,2186123,2.756638969,42.08102454,171518
633,17,1521,2186795,2.503092854,42.07091207,171521
634,17,1522,2187638,2.527895078,42.07125996,171522
635,17,1526,2175811,2.575678241,42.07147359,171526
636,17,1527,2187663,2.587548892,42.07147184,171527
637,17,1530,2180866,2.636191,42.07163634,171530
638,17,1534,2186595,2.684920912,42.07121306,171534
639,17,1538,2448936,2.744948209,42.07188454,171538
640,17,1543,2188982,2.539566231,42.06205767,171543
641,17,1545,2187663,2.575701474,42.06253919,171545
642,17,1548,2180866,2.672961657,42.06257835,171548
643,17,1551,2187727,2.719239194,42.06300711,171551
644,17,1553,2448936,2.745020589,42.06286014,171553
645,17,1554,2448936,2.757252074,42.06290467,171554
646,17,1557,2448936,2.793259542,42.06247081,171557
647,17,1560,2190905,2.515206355,42.05327504,171560
648,17,1565,2469255,2.600245296,42.05353069,171565
649,17,1566,2187663,2.612801445,42.0535287,171566
650,17,1571,2187545,2.684757737,42.05288427,171571
651,17,1575,2190203,2.733093577,42.05361029,171575
652,17,1576,2448936,2.756887127,42.05401442,171576
653,17,1577,2448970,2.768913381,42.05353489,171577
654,17,1581,2185430,2.503386409,42.04410087,171581
655,17,1583,2191218,2.539806612,42.04382936,171583
656,17,1586,2187663,2.575967058,42.04441898,171586
657,17,1588,2187663,2.60061755,42.04426423,171588
658,17,1591,2180866,2.660511181,42.04467317,171591
659,17,1593,2180866,2.684713274,42.04476922,171593
660,17,1595,2180866,2.708236181,42.04543487,171595
661,17,1597,2449052,2.733057949,42.04480178,171597
662,17,1601,2191507,2.503757642,42.03521299,171601
663,17,1602,2191218,2.530691179,42.03628097,171602
664,17,1605,2194368,2.575834114,42.03533986,171605
665,17,1606,2187663,2.587431556,42.03544518,171606
666,17,1607,2187663,2.600159931,42.03630982,171607
667,17,1609,2187663,2.624473923,42.03531116,171609
668,17,1613,2180866,2.685062806,42.03516015,171613
669,17,1614,2180866,2.69645401,42.03547905,171614
670,17,1615,2180866,2.708390931,42.0353749,171615
671,17,1619,2467169,2.793178112,42.03541489,171619
672,17,1622,2194793,2.529548755,42.02572958,171622
673,17,1624,2195162,2.552232567,42.02595541,171624
674,17,1626,2196468,2.575268438,42.02594389,171626
675,17,1630,2187663,2.624297315,42.02632199,171630
676,17,1633,2180866,2.684668928,42.02685498,171633
677,17,1635,2449170,2.721513242,42.02663505,171635
678,17,1637,2465700,2.805539091,42.02693425,171637
679,17,1638,2490412,2.50301871,42.01685436,171638
680,17,1640,2490412,2.539863347,42.01753936,171640
681,17,1644,2197532,2.588018743,42.01747912,171644
682,17,1646,2187663,2.624457547,42.01756809,171646
683,17,1651,2469576,2.721056755,42.01776242,171651
684,17,1652,2197306,2.732879749,42.01810578,171652
685,17,1655,2490412,2.515235263,42.00813416,171655
686,17,1656,2490412,2.527779469,42.00853771,171656
687,17,1658,2469301,2.551981586,42.00836452,171658
688,17,1660,2198533,2.576207107,42.00828539,171660
689,17,1661,2469368,2.588057357,42.0077521,171661
690,17,1662,2187663,2.660728959,42.0082691,171662
691,17,1667,2200358,2.72115692,42.00865696,171667
692,17,1668,2200394,2.732773572,42.00884671,171668
693,17,1670,2199619,2.781766932,42.00900434,171670
694,17,1673,2468196,2.841623477,42.16223154,171673
695,17,1674,2169309,2.853413258,42.16266151,171674
696,17,1676,2172121,2.998934715,42.16220576,171676
697,17,1678,2170158,2.829723952,42.15312703,171678
698,17,1682,2173946,2.938428114,42.15304772,171682
699,17,1683,2172121,2.998825931,42.15321735,171683
700,17,1689,2175239,2.890149986,42.14384311,171689
701,17,1691,2175718,2.938521904,42.14368108,171691
702,17,1694,2448102,2.98648196,42.14424615,171694
703,17,1696,2448076,3.010613553,42.14433652,171696
704,17,1697,2175633,2.865879503,42.13518913,171697
705,17,1698,2447777,2.878354801,42.13528409,171698
706,17,1699,2176694,2.890128845,42.13507081,171699
707,17,1703,2448097,2.986701641,42.13543787,171703
708,17,1705,2448253,3.03524837,42.13517204,171705
709,17,1706,2179614,2.817225275,42.12630462,171706
710,17,1707,2176783,2.829420736,42.12630539,171707
711,17,1709,2178497,2.950661626,42.12625045,171709
712,17,1711,2448327,3.023072166,42.12625874,171711
713,17,1713,2180623,2.829554198,42.117137,171713
714,17,1714,2176487,2.841614818,42.11714527,171714
715,17,1717,2180675,2.926365855,42.11722195,171717
716,17,1719,15235094,2.998850788,42.11732663,171719
717,17,1722,2448016,2.926110361,42.10806218,171722
718,17,1724,2448503,3.023089846,42.10830881,171724
719,17,1725,2448253,3.059351658,42.10855698,171725
720,17,1726,2181728,3.131741025,42.10806439,171726
721,17,1727,2182651,2.829408877,42.09915081,171727
722,17,1728,2466795,2.866052307,42.09910937,171728
723,17,1730,2180005,2.938092953,42.09949508,171730
724,17,1733,2448253,3.047539493,42.09898856,171733
725,17,1735,2444247,3.143997491,42.09915124,171735
726,17,1738,2183610,2.877993189,42.09040438,171738
727,17,1741,2184026,2.914232744,42.09020302,171741
728,17,1742,2180005,2.950882794,42.09052177,171742
729,17,1743,2181728,3.14392806,42.08983859,171743
730,17,1744,2184026,2.901925585,42.08085339,171744
731,17,1746,2187075,2.890237205,42.07227758,171746
732,17,1747,2186490,2.913664717,42.07215349,171747
733,17,1750,2443977,3.107720161,42.07245964,171750
734,17,1751,2468225,2.817443159,42.0630162,171751
735,17,1753,2489599,2.890470311,42.06325323,171753
736,17,1754,2448738,2.92625954,42.06281346,171754
737,17,1755,2448738,2.938309508,42.06321686,171755
738,17,1756,2448738,2.950516946,42.06337588,171756
739,17,1757,2443980,3.119610029,42.06327018,171757
740,17,1758,2448803,2.829673638,42.05442472,171758
741,17,1759,2448807,2.841385642,42.05377501,171759
742,17,1761,2448750,2.890099161,42.05419226,171761
743,17,1762,2189661,2.902401628,42.05422139,171762
744,17,1763,2189661,2.914316893,42.05461819,171763
745,17,1763,2189661,2.914281231,42.05417684,171763
746,17,1764,2190082,2.950318661,42.05415307,171764
747,17,1771,2448801,2.841938744,42.04515647,171771
748,17,1772,2189661,2.878200598,42.04517366,171772
749,17,1773,2192796,2.926255749,42.04519658,171773
750,17,1775,2193513,2.853474984,42.03606611,171775
751,17,1781,2468255,2.841824701,42.01805541,171781
752,17,1786,2195471,2.902674374,42.01804208,171786
753,17,1787,15235083,2.950262081,42.01823468,171787
754,17,1788,2198077,2.987124594,42.01859599,171788
755,17,1791,2197261,2.853742326,42.00903755,171791
756,17,1795,2199510,2.90233808,42.00890905,171795
757,17,1796,2199510,2.914341715,42.0091438,171796
758,17,1798,2470831,2.974422153,42.00893874,171798
759,17,1802,2201734,2.853835503,41.99998598,171802
760,17,1806,2199510,2.902182656,42.00000133,171806
761,17,1807,2200085,2.913811125,41.99962337,171807
762,17,1812,2201217,3.010794854,42.00029469,171812
763,17,1813,2182710,3.156030851,42.09927961,171813
764,17,1816,2449241,3.18030054,42.09002138,171816
765,17,1818,2187490,3.155990343,42.06300134,171818
766,17,1819,2444169,3.192383103,42.06295511,171819
767,17,1820,2444049,3.156379786,42.05423742,171820
768,17,1822,2463226,2.444995466,41.96279182,171822
769,17,1826,2463223,2.456222794,41.94523745,171826
770,17,1830,2468413,2.456239501,41.89071065,171830
771,17,1832,2468017,2.336307386,41.88084819,171832
772,17,1836,2469073,2.408492694,41.88163898,171836
773,17,1839,2468977,2.444698647,41.88155856,171839
774,17,1840,2468411,2.456810681,41.88162549,171840
775,17,1841,2468364,2.468980404,41.88200666,171841
776,17,1843,2468067,2.348501293,41.87164101,171843
777,17,1845,2468985,2.373673676,41.87174503,171845
778,17,1846,2468908,2.384141973,41.87211688,171846
779,17,1848,2469133,2.408913142,41.87263434,171848
780,17,1850,2469082,2.43291666,41.8727914,171850
781,17,1851,2224687,2.445194859,41.87295945,171851
782,17,1854,2468068,2.336189142,41.86315815,171854
783,17,1855,2468066,2.348726263,41.8625364,171855
784,17,1858,2468946,2.397091719,41.86362911,171858
785,17,1859,2468911,2.408855504,41.86319489,171859
786,17,1862,2469083,2.444710189,41.86351795,171862
787,17,1867,2469022,2.360906105,41.85421046,171867
788,17,1869,2468960,2.384710096,41.85434045,171869
789,17,1871,2468920,2.408970273,41.854657,171871
790,17,1873,2469085,2.434003093,41.85481912,171873
791,17,1875,2229079,2.45743432,41.85491418,171875
792,17,1876,2230631,2.468817645,41.85508448,171876
793,17,1880,2468162,2.372642142,41.8453674,171880
794,17,1882,2231960,2.420386251,41.84585244,171882
795,17,1883,2468442,2.433394958,41.84591735,171883
796,17,1889,2468699,2.385493332,41.83670022,171889
797,17,1890,2232794,2.408680213,41.83644364,171890
798,17,1893,2232914,2.445756705,41.83720497,171893
799,17,1895,2201849,2.492362268,41.99910071,171895
800,17,1898,2469344,2.551819211,41.99880785,171898
801,17,1901,2200228,2.587433885,41.99958084,171901
802,17,1902,2200285,2.599712196,41.99983147,171902
803,17,1903,2490424,2.624660337,41.99951045,171903
804,17,1904,2187663,2.636809063,41.99921629,171904
805,17,1905,2201261,2.648676064,41.9996315,171905
806,17,1907,2202126,2.68500976,41.9994037,171907
807,17,1908,2487064,2.696527533,41.99969592,171908
808,17,1909,2487064,2.709859918,41.99926204,171909
809,17,1912,2470291,2.491578486,41.98986544,171912
810,17,1916,2469680,2.56408456,41.99029876,171916
811,17,1917,2469370,2.575534786,41.98952207,171917
812,17,1921,2469465,2.636171202,41.99036973,171921
813,17,1922,2201324,2.648472264,41.99058819,171922
814,17,1928,2202660,2.733271138,41.99091561,171928
815,17,1929,2470282,2.491748819,41.98211147,171929
816,17,1933,2469672,2.564305986,41.98084261,171933
817,17,1935,2469368,2.588611035,41.98178791,171935
818,17,1938,2201261,2.648183075,41.98171573,171938
819,17,1940,2202784,2.672589475,41.98204012,171940
820,17,1941,2205827,2.697941413,41.98157823,171941
821,17,1941,2205827,2.697277375,41.9816035,171941
822,17,1942,2202660,2.721081149,41.98176287,171942
823,17,1944,2206568,2.528109798,41.97199909,171944
824,17,1949,2206937,2.58781533,41.97227401,171949
825,17,1950,2206937,2.600680635,41.97239153,171950
826,17,1953,2206495,2.660650764,41.97298075,171953
827,17,1956,2470797,2.504185851,41.96297263,171956
828,17,1960,2485430,2.552322408,41.96317943,171960
829,17,1961,2469744,2.5647946,41.96403799,171961
830,17,1963,2206937,2.588920476,41.9637036,171963
831,17,1965,2469626,2.613070109,41.96339123,171965
832,17,1967,2208756,2.673275012,41.9636414,171967
833,17,1968,2487203,2.697554548,41.96384302,171968
834,17,1970,2208601,2.721560864,41.96308414,171970
835,17,1972,2209424,2.491850759,41.95410115,171972
836,17,1973,2470807,2.50417183,41.95388482,171973
837,17,1977,2469785,2.564447233,41.9547958,171977
838,17,1981,2469623,2.612763323,41.9542664,171981
839,17,1982,2210827,2.696717723,41.95453688,171982
840,17,1983,2208601,2.709771071,41.95502095,171983
841,17,1985,2210247,2.733251051,41.95523102,171985
842,17,1989,2470802,2.491753389,41.94509401,171989
843,17,1991,2485282,2.51648435,41.94520982,171991
844,17,1992,2485282,2.527716434,41.94518452,171992
845,17,1994,2469736,2.563703068,41.94537194,171994
846,17,1997,2469732,2.601418149,41.94507674,171997
847,17,2001,2211210,2.661481612,41.94599008,172001
848,17,2002,2213799,2.709138079,41.94562533,172002
849,17,2005,2210247,2.745679541,41.94606334,172005
850,17,2009,2214160,2.504358859,41.93597126,172009
851,17,2010,2470821,2.51609722,41.93577815,172010
852,17,2011,2216621,2.528529954,41.93628922,172011
853,17,2012,2216621,2.540964383,41.93659179,172012
854,17,2016,2470522,2.589638063,41.93649686,172016
855,17,2021,2211210,2.649204025,41.93644211,172021
856,17,2022,2214291,2.696934491,41.93679417,172022
857,17,2024,2213799,2.72161482,41.93682063,172024
858,17,2027,2214414,2.769443356,41.93693564,172027
859,17,2028,2216050,2.493146829,41.92757307,172028
860,17,2031,2486917,2.528671886,41.92684173,172031
861,17,2032,2215953,2.540429347,41.92710555,172032
862,17,2037,2213279,2.600960299,41.92756604,172037
863,17,2041,15236246,2.67322956,41.92765034,172041
864,17,2042,2216079,2.721473223,41.9277775,172042
865,17,2043,2216115,2.733919987,41.92784305,172043
866,17,2048,2486917,2.528098317,41.91793169,172048
867,17,2049,2486917,2.540008707,41.91850241,172049
868,17,2052,2470768,2.5769929,41.9187617,172052
869,17,2054,2470768,2.600572194,41.91824269,172054
870,17,2058,2217763,2.673517109,41.91856333,172058
871,17,2059,2218106,2.68574582,41.91845334,172059
872,17,2060,2217733,2.697683079,41.9187646,172060
873,17,2065,2219081,2.504519066,41.90903275,172065
874,17,2067,2213007,2.528171805,41.90959172,172067
875,17,2071,2213007,2.57711616,41.90922398,172071
876,17,2074,2219665,2.612938928,41.90926925,172074
877,17,2075,2213279,2.637449606,41.90969151,172075
878,17,2078,2468397,2.480286933,41.89968468,172078
879,17,2079,2221392,2.492899443,41.89940782,172079
880,17,2081,2213007,2.516596048,41.90005943,172081
881,17,2083,2221420,2.54087772,41.89988888,172083
882,17,2084,2220960,2.553039872,41.90019806,172084
883,17,2087,2213007,2.589062751,41.90020652,172087
884,17,2088,2220433,2.601248618,41.90062777,172088
885,17,2092,2220563,2.673668519,41.90067626,172092
886,17,2093,2221802,2.685182082,41.90065437,172093
887,17,2094,2221157,2.709871482,41.90092655,172094
888,17,2095,2221942,2.721879233,41.90093825,172095
889,17,2097,2220452,2.481784893,41.89036042,172097
890,17,2101,2223187,2.540954275,41.89088238,172101
891,17,2102,2213007,2.553450972,41.89137299,172102
892,17,2103,2213007,2.564843734,41.89114652,172103
893,17,2104,2223584,2.576822842,41.89156057,172104
894,17,2107,2222702,2.613034879,41.89138207,172107
895,17,2110,2222892,2.661225848,41.89172349,172110
896,17,2113,2220452,2.480432268,41.88175281,172113
897,17,2117,2224455,2.565249172,41.88290682,172117
898,17,2121,2222702,2.613703676,41.88241352,172121
899,17,2122,2225123,2.625152464,41.88260458,172122
900,17,2125,2225310,2.673520015,41.88249107,172125
901,17,2126,2224721,2.697697513,41.88247619,172126
902,17,2127,2225107,2.72187448,41.88258232,172127
903,17,2130,2227070,2.52962639,41.87239958,172130
904,17,2132,2226446,2.553192077,41.8731692,172132
905,17,2133,2222702,2.565762243,41.87299224,172133
906,17,2138,2225726,2.685842164,41.87420311,172138
907,17,2140,2226918,2.721720053,41.87372822,172140
908,17,2146,2228925,2.528964271,41.86410157,172146
909,17,2149,2229033,2.565979215,41.86407628,172149
910,17,2151,2228113,2.599804912,41.86537903,172151
911,17,2153,2228143,2.625428593,41.8642135,172153
912,17,2154,2490502,2.636935085,41.86428648,172154
913,17,2158,2229161,2.746013693,41.86484971,172158
914,17,2161,2229748,2.516467097,41.8548086,172161
915,17,2163,2228659,2.541111997,41.85536006,172163
916,17,2164,2230321,2.553488888,41.85476035,172164
917,17,2165,2229714,2.565050483,41.85532711,172165
918,17,2169,2230542,2.613131649,41.85535502,172169
919,17,2170,2230169,2.6255275,41.8555222,172170
920,17,2172,2489378,2.649454031,41.85548063,172172
921,17,2174,2230304,2.697689764,41.855987,172174
922,17,2176,2229838,2.745903514,41.85615783,172176
923,17,2177,2127204,2.770421437,41.88281573,172177
924,17,2178,2487438,2.782084708,41.85551162,172178
925,17,2184,2232793,2.553019268,41.84607589,172184
926,17,2185,2232139,2.56506868,41.8455277,172185
927,17,2186,2232553,2.57716157,41.84566292,172186
928,17,2189,2232861,2.613438166,41.84646626,172189
929,17,2192,2487707,2.650108328,41.84595334,172192
930,17,2194,2232076,2.709767909,41.84656092,172194
931,17,2195,2232040,2.721693137,41.84659044,172195
932,17,2196,2232314,2.733750735,41.84665505,172196
933,17,2200,2231953,2.79414868,41.84661705,172200
934,17,2201,2232815,2.51662133,41.83592183,172201
935,17,2202,2233964,2.528926999,41.83634224,172202
936,17,2203,2231089,2.541137006,41.8366889,172203
937,17,2204,2233836,2.552781291,41.83700503,172204
938,17,2206,2490508,2.577650346,41.83727931,172206
939,17,2211,2233740,2.637809662,41.8374127,172211
940,17,2216,2490520,2.709725439,41.83730172,172216
941,17,2219,2233656,2.758044404,41.83780096,172219
942,17,2220,2233132,2.770160981,41.8377628,172220
943,17,2222,2199813,2.877916976,41.99132268,172222
944,17,2226,2201628,2.926330593,41.99084157,172226
945,17,2228,2470831,2.987118109,41.99087349,172228
946,17,2230,2204911,2.854130389,41.98189194,172230
947,17,2231,2204911,2.866021042,41.98169027,172231
948,17,2233,2205161,2.889619974,41.98191353,172233
949,17,2235,2213971,2.926835372,41.98229454,172235
950,17,2236,2204756,2.938653366,41.98217537,172236
951,17,2240,2206182,2.854029546,41.97319134,172240
952,17,2242,2207265,2.878289897,41.97301247,172242
953,17,2243,2205462,2.889647191,41.97314103,172243
954,17,2246,2213971,2.92649593,41.97305345,172246
955,17,2247,2206300,2.938746394,41.9732768,172247
956,17,2248,2206300,2.950442115,41.97301225,172248
957,17,2249,2213971,2.962825449,41.97318805,172249
958,17,2251,2208910,2.853796824,41.96412128,172251
959,17,2253,2205462,2.878355071,41.96413192,172253
960,17,2255,2205462,2.901803087,41.96413635,172255
961,17,2258,2213971,2.938489275,41.96453114,172258
962,17,2260,2208986,2.962915254,41.96401924,172260
963,17,2261,2208979,3.023496282,41.96408587,172261
964,17,2265,2210148,2.854119476,41.95493483,172265
965,17,2266,2208480,2.866281584,41.95523785,172266
966,17,2267,2210162,2.878263329,41.9552692,172267
967,17,2270,2209624,2.95089038,41.95509806,172270
968,17,2272,2210383,2.998781307,41.95518962,172272
969,17,2275,2212273,2.865493029,41.94577985,172275
970,17,2278,2213971,2.902289173,41.9461323,172278
971,17,2282,2211581,2.950632012,41.94591107,172282
972,17,2283,2212853,2.962189658,41.94617666,172283
973,17,2285,2212619,2.986535986,41.94599295,172285
974,17,2288,2490531,3.144255414,41.94593014,172288
975,17,2290,2211014,2.865246594,41.9367638,172290
976,17,2291,2211014,2.877502462,41.93672349,172291
977,17,2293,2213971,2.901905428,41.93674693,172293
978,17,2296,2214353,2.938551833,41.93709663,172296
979,17,2299,2213115,2.974523305,41.93697515,172299
980,17,2301,2212619,2.999095285,41.93716711,172301
981,17,2302,2213006,3.04721406,41.93717542,172302
982,17,2305,2213006,3.095585462,41.93671302,172305
983,17,2307,2212262,3.119627293,41.93709579,172307
984,17,2309,2215307,2.854289641,41.92789676,172309
985,17,2310,2211014,2.865639443,41.92775749,172310
986,17,2314,2214353,2.937136227,41.92914289,172314
987,17,2315,2214353,2.950573369,41.92811368,172315
988,17,2320,2212619,3.010987698,41.9280067,172320
989,17,2321,2215088,3.022904113,41.92803196,172321
990,17,2323,2213006,3.047749943,41.9278622,172323
991,17,2326,2213006,3.083680084,41.9279317,172326
992,17,2329,2213006,3.119562169,41.92806207,172329
993,17,2332,2217659,2.901486311,41.91906626,172332
994,17,2335,2212619,2.938749776,41.91932636,172335
995,17,2337,2212619,2.962868915,41.91910252,172337
996,17,2340,2212619,2.998890531,41.91902745,172340
997,17,2341,2212619,3.010769065,41.91889185,172341
998,17,2343,2213006,3.04776775,41.91939581,172343
999,17,2344,2216707,3.05970665,41.91937221,172344
1000,17,2347,2213006,3.094956462,41.91927641,172347
1001,17,2350,2213006,3.131315316,41.91902443,172350
1002,17,2353,2217659,2.878614799,41.90992047,172353
1003,17,2355,2217077,2.902139702,41.90974478,172355
1004,17,2356,2212619,2.914462441,41.90991674,172356
1005,17,2358,2219210,2.938589802,41.9100853,172358
1006,17,2360,2219499,2.962464176,41.91008658,172360
1007,17,2361,2212619,2.974497871,41.90997279,172361
1008,17,2364,2212619,3.010791671,41.90991207,172364
1009,17,2367,2219247,3.047471466,41.91014595,172367
1010,17,2368,2213006,3.059625591,41.91002319,172368
1011,17,2370,2217989,3.131717857,41.90952179,172370
1012,17,2371,2221209,2.878524958,41.90006692,172371
1013,17,2373,2220690,2.902141096,41.90093612,172373
1014,17,2379,2212619,2.986569638,41.90059874,172379
1015,17,2380,2212619,2.998637661,41.90121198,172380
1016,17,2384,2212619,3.047319976,41.90094104,172384
1017,17,2386,2220765,3.07143205,41.90092858,172386
1018,17,2389,2213006,3.119344224,41.90171741,172389
1019,17,2390,2213006,3.13104862,41.90065985,172390
1020,17,2393,2221370,2.926529192,41.89153317,172393
1021,17,2395,2222802,2.951433164,41.89174455,172395
1022,17,2396,2212619,2.962944959,41.89187494,172396
1023,17,2398,2212619,2.987294718,41.89191624,172398
1024,17,2399,2212619,3.010475221,41.89187143,172399
1025,17,2403,2212619,3.059247296,41.89210882,172403
1026,17,2404,2223507,3.071000232,41.8920301,172404
1027,17,2407,2213006,3.107247563,41.89193892,172407
1028,17,2408,2483003,3.119760778,41.89236788,172408
1029,17,2409,2483003,3.131501212,41.89208484,172409
1030,17,2410,2223950,2.890356757,41.88305591,172410
1031,17,2413,2212619,2.926695772,41.88289571,172413
1032,17,2417,2212619,2.974412226,41.88288023,172417
1033,17,2418,2212619,2.986850567,41.8828463,172418
1034,17,2419,2212619,3.011425963,41.88317073,172419
1035,17,2424,2224358,3.071182793,41.88274393,172424
1036,17,2425,2224568,3.083247691,41.88291595,172425
1037,17,2431,2212619,2.950663417,41.87382959,172431
1038,17,2432,2212619,2.962063611,41.87383392,172432
1039,17,2434,2212619,2.986683687,41.87390247,172434
1040,17,2437,2212619,3.023005416,41.87426121,172437
1041,17,2441,2213006,3.095250918,41.87398083,172441
1042,17,2445,2228451,2.890218973,41.86496999,172445
1043,17,2447,2212619,2.927113722,41.86510742,172447
1044,17,2448,2212619,2.938596785,41.86503307,172448
1045,17,2450,2212619,3.010663654,41.8651931,172450
1046,17,2452,2212619,3.047546683,41.8652468,172452
1047,17,2453,2212619,3.059282099,41.86455682,172453
1048,17,2454,2227967,3.09521353,41.86502803,172454
1049,17,2459,2230689,2.926401464,41.85577583,172459
1050,17,2460,2229978,2.938292241,41.85594495,172460
1051,17,2464,2483018,2.998927766,41.85586245,172464
1052,17,2465,2483018,3.010577747,41.85571786,172465
1053,17,2470,2231008,2.842296708,41.84627893,172470
1054,17,2471,2230982,2.914100296,41.84722874,172471
1055,17,2476,2483018,3.02341724,41.84696125,172476
1056,17,2481,2231163,2.962349831,41.83786949,172481
1057,17,2484,2483018,3.022956311,41.8380535,172484
1058,17,2485,2230108,3.035012583,41.83804145,172485
1059,17,2486,2233158,3.047406021,41.83793793,172486
1060,17,2487,2483018,3.059606761,41.83788721,172487
1061,17,2491,2207205,3.216121386,41.9702436,172491
1062,17,2498,2488229,3.180196231,41.95472398,172498
1063,17,2502,2213030,3.155982741,41.94618501,172502
1064,17,2507,2213238,3.203893859,41.92811442,172507
1065,17,2508,2213238,3.191780837,41.91884929,172508
1066,17,2509,2213238,3.20386381,41.91867536,172509
1067,17,2511,2221277,3.155209292,41.90085491,172511
1068,17,2515,2224801,3.155384421,41.87362699,172515
1069,17,2519,2231761,2.348602923,41.82719283,172519
1070,17,2520,2468702,2.361513675,41.82703115,172520
1071,17,2522,2468699,2.384704057,41.82731083,172522
1072,17,2524,2468877,2.409388933,41.82747644,172524
1073,17,2527,2234369,2.44553343,41.828188,172527
1074,17,2529,2236589,2.34863446,41.8181411,172529
1075,17,2534,2468827,2.433261705,41.81869789,172534
1076,17,2536,2468671,2.457419753,41.81813902,172536
1077,17,2537,2468671,2.469141485,41.81882428,172537
1078,17,2541,2238561,2.445320031,41.80965977,172541
1079,17,2542,2468951,2.456877243,41.80966996,172542
1080,17,2543,2468958,2.469481515,41.80971986,172543
1081,17,2547,2468804,2.445012898,41.79223888,172547
1082,17,2549,2468947,2.469519455,41.79198537,172549
1083,17,2555,2235379,2.553899049,41.82866899,172555
1084,17,2559,2235968,2.601275995,41.82834784,172559
1085,17,2560,2464336,2.613580404,41.82883123,172560
1086,17,2561,2236334,2.625718356,41.8289795,172561
1087,17,2566,2235805,2.745795305,41.82871354,172566
1088,17,2567,2464792,2.480757008,41.81927367,172567
1089,17,2568,2237428,2.493607985,41.81881765,172568
1090,17,2572,2237619,2.565477336,41.81894988,172572
1091,17,2573,2465070,2.576915699,41.81898357,172573
1092,17,2576,2236650,2.614140638,41.81976314,172576
1093,17,2580,2237579,2.686542845,41.8195602,172580
1094,17,2582,2237482,2.783265591,41.81974739,172582
1095,17,2584,2239369,2.4811825,41.80981833,172584
1096,17,2587,2239476,2.517283319,41.81032698,172587
1097,17,2588,2239379,2.541471006,41.81013785,172588
1098,17,2589,2464688,2.565680664,41.81024094,172589
1099,17,2592,2464664,2.601866984,41.81070532,172592
1100,17,2594,2464665,2.626183617,41.81110226,172594
1101,17,2596,2238275,2.771015188,41.81098688,172596
1102,17,2598,2238512,2.794854407,41.81045548,172598
1103,17,2599,2237543,2.807002805,41.81012526,172599
1104,17,2602,2239572,2.505457624,41.80137782,172602
1105,17,2606,2464614,2.578162142,41.80151469,172606
1106,17,2608,2464621,2.601721123,41.80121149,172608
1107,17,2609,2465109,2.613792504,41.80154993,172609
1108,17,2611,2463786,2.650337758,41.80158592,172611
1109,17,2612,2463950,2.662435559,41.80154104,172612
1110,17,2616,2240663,2.746058862,41.80163023,172616
1111,17,2618,2241748,2.494512228,41.79109829,172618
1112,17,2619,2241190,2.505084676,41.79196396,172619
1113,17,2624,2464618,2.589246481,41.79241279,172624
1114,17,2625,2464617,2.601665888,41.79263667,172625
1115,17,2627,2463786,2.649581904,41.79228842,172627
1116,17,2628,2463787,2.661528699,41.79316189,172628
1117,17,2629,2463787,2.674024144,41.79271165,172629
1118,17,2631,2240663,2.734598708,41.79301167,172631
1119,17,2633,2464519,2.482001826,41.78282821,172633
1120,17,2634,2241748,2.506032455,41.78295206,172634
1121,17,2635,2464868,2.518344058,41.7828242,172635
1122,17,2637,2242558,2.542057595,41.78355166,172637
1123,17,2638,2243206,2.553287374,41.78325361,172638
1124,17,2639,2464425,2.565643897,41.78359822,172639
1125,17,2643,2242576,2.613972013,41.7836717,172643
1126,17,2646,2243741,2.661768379,41.78420065,172646
1127,17,2647,2242849,2.67399825,41.78356949,172647
1128,17,2649,2464519,2.493611245,41.77406214,172649
1129,17,2651,2243279,2.51722747,41.77446104,172651
1130,17,2655,2244447,2.577703196,41.77423989,172655
1131,17,2661,2463793,2.649882263,41.77468968,172661
1132,17,2662,2463871,2.661986567,41.77473494,172662
1133,17,2663,2244801,2.686375296,41.77491219,172663
1134,17,2666,2464564,2.529980123,41.76478636,172666
1135,17,2668,2246317,2.553439157,41.76484391,172668
1136,17,2673,2246070,2.614371331,41.76522671,172673
1137,17,2676,2462839,2.67404147,41.76552858,172676
1138,17,2678,2246336,2.782762031,41.76564147,172678
1139,17,2679,2463767,2.79459977,41.76578033,172679
1140,17,2682,2247495,2.566416811,41.75639099,172682
1141,17,2685,2464532,2.602071007,41.75631285,172685
1142,17,2688,2247795,2.650079154,41.75617185,172688
1143,17,2690,2248360,2.674326804,41.75668449,172690
1144,17,2691,2247515,2.686366824,41.75688912,172691
1145,17,2692,2247762,2.698170022,41.75630825,172692
1146,17,2693,2248118,2.722551217,41.75663992,172693
1147,17,2696,2464478,2.529822102,41.74687977,172696
1148,17,2698,2465463,2.578001411,41.74709384,172698
1149,17,2701,2462852,2.686027113,41.74761094,172701
1150,17,2704,2248412,2.758960736,41.74758893,172704
1151,17,2705,2248671,2.771085958,41.74710933,172705
1152,17,2713,2462963,2.74623673,41.73820319,172713
1153,17,2715,2250225,2.770131249,41.73827149,172715
1154,17,2720,2462494,2.77093891,41.72079936,172720
1155,17,2721,2462494,2.783526362,41.72076972,172721
1156,17,2723,2462494,2.77067284,41.71109818,172723
1157,17,2724,2462506,2.782498715,41.71177869,172724
1158,17,2725,2462512,2.795111136,41.71090115,172725
1159,17,2726,2462526,2.807419945,41.71094946,172726
1160,17,2728,2463172,2.795582455,41.70251636,172728
1161,17,2729,2463171,2.807421225,41.70246475,172729
1162,17,2733,2235769,2.926829567,41.82898053,172733
1163,17,2735,2231163,2.950999031,41.82884927,172735
1164,17,2736,2466870,2.974794987,41.82895603,172736
1164,17,2737,2466870,2.974794987,41.82895603,172737
1165,17,2738,2467707,2.985501187,41.82721954,172738
1166,17,2741,2235315,3.071834146,41.82936867,172741
1167,17,2743,2466646,2.830466371,41.81942144,172743
1168,17,2744,2467308,2.842783716,41.81955605,172744
1169,17,2747,2466826,2.915051523,41.82020867,172747
1170,17,2749,2237476,2.938832565,41.81990855,172749
1171,17,2750,2467353,2.951150579,41.8195902,172750
1172,17,2755,2466641,2.818426232,41.81068431,172755
1173,17,2762,15235049,2.953360667,41.81045806,172762
1174,17,2763,2239056,2.96319627,41.81100205,172763
1175,17,2766,2467260,2.842393396,41.80195591,172766
1176,17,2768,2466700,2.878470355,41.80160343,172768
1177,17,2769,2466699,2.890206803,41.80161525,172769
1178,17,2773,15235049,2.950646164,41.80221555,172773
1179,17,2777,2240886,3.010917882,41.80133394,172777
1180,17,2779,2467137,3.035064859,41.80141017,172779
1181,17,2782,2467267,2.830896007,41.79340995,172782
1182,17,2783,2466623,2.842763024,41.7935529,172783
1183,17,2784,2466708,2.85482454,41.79286623,172784
1184,17,2785,2466707,2.866498738,41.79310556,172785
1185,17,2786,2489363,2.878619184,41.79290284,172786
1186,17,2788,2467588,2.902691424,41.79244838,172788
1187,17,2791,2467371,2.950280305,41.79276706,172791
1188,17,2792,2467371,2.96217179,41.79249237,172792
1189,17,2793,2242385,2.974929485,41.79287416,172793
1190,17,2794,2467650,2.986676442,41.79266896,172794
1191,17,2795,2240886,3.010651636,41.79273229,172795
1192,17,2799,2466623,2.842329697,41.78374369,172799
1193,17,2800,2467294,2.854098871,41.78380427,172800
1194,17,2801,2243916,2.866686796,41.78366645,172801
1195,17,2805,2467590,2.914774603,41.7838563,172805
1196,17,2808,2467381,2.950732414,41.78390437,172808
1197,17,2811,2467211,2.986425533,41.78394115,172811
1198,17,2814,2467252,2.818442994,41.77489056,172814
1199,17,2816,2244201,2.84280947,41.77453918,172816
1200,17,2817,2467294,2.854685212,41.77461786,172817
1201,17,2818,2467283,2.866897296,41.77498393,172818
1202,17,2824,2467584,2.951292846,41.77483454,172824
1203,17,2827,2467211,2.986752246,41.7752314,172827
1204,17,2828,2467212,2.999253991,41.77484486,172828
1205,17,2830,2467140,3.023018019,41.77494164,172830
1206,17,2831,2467253,2.818636793,41.76589285,172831
1207,17,2832,2467273,2.830714927,41.76616348,172832
1208,17,2833,2467271,2.842374029,41.76563964,172833
1209,17,2835,2467306,2.86683237,41.76565258,172835
1210,17,2839,2466986,2.914654305,41.76567103,172839
1211,17,2840,2466968,2.926673105,41.76554423,172840
1212,17,2844,2467214,2.987066914,41.76615235,172844
1213,17,2845,2467216,2.998820981,41.76632421,172845
1214,17,2846,2467305,2.842768198,41.75694839,172846
1215,17,2848,2247787,2.866790007,41.75705081,172848
1216,17,2851,2466947,2.915123198,41.75677242,172851
1217,17,2853,2466756,2.950933445,41.75698244,172853
1218,17,2856,2467297,2.841745392,41.74729142,172856
1219,17,2857,2467302,2.855346353,41.74811998,172857
1220,17,2860,2466948,2.890310327,41.74794251,172860
1221,17,2864,2467497,2.938504425,41.74751905,172864
1222,17,2865,2467835,2.830738303,41.7389532,172865
1223,17,2870,2467566,2.890614776,41.7386385,172870
1224,17,2872,2467516,2.915135359,41.73840703,172872
1225,17,2873,2467518,2.927136722,41.73856838,172873
1226,17,2874,2250114,2.939294497,41.73871056,172874
1227,17,2876,2467833,2.842305314,41.72981847,172876
1228,17,2879,2252334,2.902837276,41.72770588,172879
1229,17,2881,2251049,2.939339092,41.72965846,172881
1230,17,2884,2467823,2.854625923,41.72091769,172884
1231,17,2885,2467744,2.891054513,41.72037254,172885
1232,17,2886,2467745,2.902763826,41.72059921,172886
1233,17,2887,2467743,2.915207105,41.72042892,172887
1234,17,2888,2467779,2.819354151,41.71170742,172888
1235,17,2890,2254106,2.891165659,41.71150063,172890
1236,17,2892,2467797,2.818634293,41.70266314,172892
1237,17,2894,2255666,2.867190228,41.70292767,172894
1238,17,2895,2469900,2.684645242,42.14394867,172895
1239,17,2911,2185905,2.866114643,42.08097031,172911
1240,17,2912,2189661,2.926293744,42.05414015,172912
1241,17,2930,2223371,2.890998588,41.87417576,172930
1242,17,2937,2241225,2.529269801,41.80105454,172937
1243,17,3000,2128869,1.79569984,42.43549438,173000
1244,17,3001,2453725,1.746420657,42.44362054,173001
1245,17,3004,2101460,1.976673167,42.49119781,173004
1246,17,3005,825141,1.987742038,42.48921578,173005
1247,17,3007,832929,1.939849791,42.44369974,173007
1248,17,3008,824992,1.843865317,42.43568415,173008
1249,17,3010,824905,1.917264557,42.42776442,173010
1250,17,3011,648520,1.954036059,42.40078205,173011
1251,17,3012,1414139,1.917603811,42.3910777,173012
1252,17,3013,1414567,1.941833131,42.39157409,173013
1253,17,3016,663586,2.257343043,42.42116919,173016
1254,17,3020,2134871,2.379243391,42.38577114,173020
1255,17,3023,2138832,2.161233543,42.35723032,173023
1256,17,3024,2483437,2.331000787,42.35846369,173024
1257,17,3025,2136590,2.343079194,42.35883973,173025
1258,17,3026,2457417,2.185412807,42.34853373,173026
1259,17,3029,2135555,2.209902978,42.33968105,173029
1260,17,3030,2141425,2.331175132,42.34087587,173030
1261,17,3030,2141425,2.330619895,42.34057543,173030
1262,17,3031,2142406,2.476775693,42.34119143,173031
1263,17,3033,2464449,2.707219542,42.40508091,173033
1264,17,3035,2451700,2.598353005,42.34155567,173035
1265,17,3040,2446049,2.974622531,42.41471015,173040
1266,17,3043,15235267,2.938126695,42.38742599,173043
1267,17,3050,15235267,2.913866459,42.35134997,173050
1268,17,3052,15235267,2.938073772,42.34236848,173052
1269,17,3053,2140823,2.986706672,42.34241145,173053
1270,17,3055,1405435,2.137356494,42.31225709,173055
1271,17,3057,2457663,2.222383709,42.33069727,173057
1272,17,3058,2142794,2.403966604,42.33165886,173058
1273,17,3059,2145219,2.367789179,42.3226121,173059
1274,17,3060,2144667,2.39185478,42.3226522,173060
1275,17,3062,2458929,2.440662964,42.32304477,173062
1276,17,3063,2145614,2.246189479,42.31309624,173063
1277,17,3065,2146668,2.355783739,42.31336805,173065
1278,17,3070,2150121,2.355952554,42.29561791,173070
1279,17,3071,2149324,2.368185614,42.28661676,173071
1280,17,3073,2154017,2.234968097,42.2677571,173073
1281,17,3074,2161242,2.284241634,42.22315222,173074
1282,17,3076,2166511,2.272059923,42.19607478,173076
1283,17,3077,2463353,2.417456221,42.18761076,173077
1284,17,3078,2168429,2.453917562,42.18793422,173078
1285,17,3079,2170031,2.187612469,42.17743219,173079
1286,17,3081,2146880,2.562023662,42.31456639,173081
1287,17,3082,2447269,2.804775181,42.31529064,173082
1288,17,3085,2160280,2.526168043,42.23332295,173085
1289,17,3087,2163604,2.490005671,42.21514629,173087
1290,17,3089,2162504,2.611170724,42.215621,173089
1291,17,3092,2168362,2.744550521,42.18902158,173092
1292,17,3093,2443685,2.769001283,42.1891815,173093
1293,17,3096,2171533,2.719960855,42.17096946,173096
1294,17,3097,2170391,2.732624263,42.17113477,173097
1295,17,3099,2145828,3.059614787,42.32439345,173099
1296,17,3100,2447290,2.816692235,42.31505813,173100
1297,17,3101,2147119,2.93827898,42.30631695,173101
1298,17,3102,2150095,2.98674041,42.29738064,173102
1299,17,3108,2159359,2.81715332,42.2437566,173108
1300,17,3108,2159359,2.817142656,42.24325223,173108
1301,17,3109,2442194,2.926195219,42.24327518,173109
1302,17,3113,2163724,2.914038427,42.21605866,173113
1303,17,3114,2442151,2.938124376,42.21631735,173114
1304,17,3116,2170987,2.877765793,42.17099394,173116
1305,17,3121,2172516,2.284614851,42.1600024,173121
1306,17,3128,2180224,2.52740495,42.11612826,173128
1307,17,3129,2178540,2.805445383,42.1170176,173129
1308,17,3134,2189645,2.648364981,42.06267675,173134
1309,17,3135,2449078,2.79354373,42.02696734,173135
1310,17,3136,2198032,2.696876797,42.01769211,173136
1311,17,3138,2176410,3.010888817,42.12633259,173138
1312,17,3139,2448253,3.047172699,42.12623335,173139
1313,17,3140,2179906,2.950825992,42.11709093,173140
1314,17,3141,2180608,2.902004138,42.10836836,173141
1315,17,3143,15235087,2.974518968,42.09913068,173143
1316,17,3148,2194583,2.829614045,42.03602416,173148
1317,17,3153,2187871,3.180273882,42.07206239,173153
1318,17,3155,2462727,2.467898867,41.96290926,173155
1319,17,3157,2231320,2.384556191,41.84526072,173157
1320,17,3160,2468172,2.396467491,41.83647019,173160
1321,17,3161,2490431,2.733775834,42.00017563,173161
1322,17,3161,2490431,2.733475509,41.99980566,173161
1323,17,3164,2203842,2.746079539,41.99117883,173164
1324,17,3166,2205720,2.781751287,41.98177716,173166
1325,17,3168,2210248,2.649212822,41.95464474,173168
1326,17,3169,2210356,2.685193577,41.95474003,173169
1327,17,3173,2215669,2.6610601,41.92762407,173173
1328,17,3174,2215387,2.721585255,41.91865391,173174
1329,17,3175,2219180,2.626156644,41.91088923,173175
1330,17,3178,2225112,2.516850735,41.88226306,173178
1331,17,3179,2224885,2.540849242,41.88198323,173179
1332,17,3183,2228544,2.577302758,41.86446978,173183
1333,17,3184,2226627,2.685622811,41.8648624,173184
1334,17,3185,2487777,2.480938675,41.85491473,173185
1335,17,3186,2232376,2.52899841,41.84631316,173186
1336,17,3187,2232779,2.697373556,41.84639383,173187
1337,17,3192,2219499,2.962855063,41.90139513,173192
1338,17,3194,2231163,2.950715061,41.83796416,173194
1339,17,3197,2233508,2.697806406,41.82864235,173197
1340,17,3199,2237086,2.72185848,41.81953405,173199
1341,17,3203,2238509,2.685864468,41.8105424,173203
1342,17,3205,2238931,2.758050647,41.81055499,173205
1343,17,3208,2241636,2.625762717,41.79240245,173208
1344,17,3209,2242536,2.709965302,41.79215951,173209
1345,17,3212,2463793,2.649957379,41.78300337,173212
1346,17,3213,2464317,2.806130519,41.78398554,173213
1347,17,3215,2245276,2.794318128,41.77485891,173215
1348,17,3216,2462830,2.661961188,41.74747961,173216
1349,17,3217,2462963,2.746307665,41.74767878,173217
1350,17,3218,2466801,2.974810535,41.82001214,173218
1351,17,5019,2213620,2.552496071,41.94525676,175019
1352,17,5031,2180866,2.624032857,42.0896192,175031
1353,17,5032,2177417,2.57542696,42.12547556,175032
1354,17,5033,2447416,2.647767008,42.17075251,175033
1355,17,5034,2442341,2.647459582,42.20647977,175034
1356,17,5035,2447376,2.744429166,42.23416102,175035
1357,17,5036,2446958,2.598769798,42.26066369,175036
1358,17,5038,2449834,2.707553895,42.33304217,175038
1359,17,5039,2464449,2.719411622,42.39610537,175039
1360,17,5040,2446897,3.072032207,42.43217998,175040
1361,17,5100,2224276,3.107338119,41.87402421,175100
1362,17,5102,2187047,2.781285282,42.07201358,175102
1363,17,5103,2181333,3.011006669,42.10822054,175103
1364,17,5104,2148792,2.792609547,42.30620007,175104
1365,17,5105,2466489,3.229542716,42.34218247,175105
1366,17,5172,2262138,2.770638323,41.66668386,175172
1367,17,5175,2252543,2.806512931,41.72079271,175175
1368,17,5177,2467497,2.950771927,41.74796631,175177
1369,17,5178,2462852,2.674132605,41.74751477,175178
1370,17,5179,2249241,2.650078443,41.74744403,175179
1371,17,5181,2246256,2.746224612,41.76571069,175181
1372,17,5182,2464561,2.517647448,41.76497844,175182
1373,17,5184,2241645,2.517625187,41.79203531,175184
1374,17,5186,2464124,2.661774389,41.81052804,175186
1375,17,5190,2235639,2.866412225,41.82896218,175190
1376,17,5191,2235953,2.709848718,41.8286734,175191
1377,17,5192,2464787,2.481060879,41.82786763,175192
1378,17,5195,2467876,2.997759837,41.83620035,175195
1379,17,5197,2228940,2.758229552,41.85580614,175197
1380,17,5199,2228491,2.769943549,41.86483708,175199
1381,17,5200,2468998,2.372333821,41.86335236,175200
1382,17,5202,2226154,2.673638433,41.87343052,175202
1383,17,5203,2226783,2.625302288,41.87346313,175203
1384,17,5205,2490516,2.649354347,41.88254592,175205
1385,17,5209,2468562,2.46842258,41.89986455,175209
1386,17,5211,2213006,3.143571631,41.91001197,175211
1387,17,5215,2215920,2.480258761,41.92693902,175215
1388,17,5217,2214480,2.673183587,41.93665697,175217
1389,17,5230,2208756,2.68511322,41.9637105,175230
1390,17,5233,2206963,2.69713698,41.97301975,175233
1391,17,5242,2193026,3.047076346,42.0450485,175242
1392,17,5244,2469253,2.587991678,42.05346934,175244
1393,17,5248,2183826,2.865865583,42.09015668,175248
1394,17,5249,2183415,2.623630025,42.09844425,175249
1395,17,5251,2182310,2.865851579,42.10827776,175251
1396,17,5252,2449263,3.155664655,42.10778225,175252
1397,17,5253,2179167,2.478716142,42.11607952,175253
1398,17,5262,2479081,2.115097583,42.14951659,175262
1399,17,5264,2164031,2.611248255,42.16146608,175264
1400,17,5268,2442608,2.562833034,42.19748837,175268
1401,17,5269,2166802,2.187381825,42.19544312,175269
1402,17,5274,2459772,2.235742571,42.23173748,175274
1403,17,5277,2430397,2.028602705,42.24804743,175277
1404,17,5279,2450404,3.229236367,42.26112741,175279
1405,17,5280,2484781,2.198904674,42.25833358,175280
1406,17,5284,2153371,3.168613288,42.27894782,175284
1407,17,5285,2443504,2.744187077,42.27908368,175285
1408,17,5286,2153250,2.574400631,42.27858829,175286
1409,17,5287,2459304,2.441000728,42.27801565,175287
1410,17,5292,2148663,2.246652604,42.30376896,175292
1411,17,5293,2105873,2.137468666,42.30315278,175293
1412,17,5294,469613,2.064670956,42.3025821,175294
1413,17,5296,2450999,3.132354439,42.31531739,175296
1414,17,5297,2467852,1.846163648,42.30959755,175297
1415,17,5299,2451089,3.120236795,42.3243369,175299
1416,17,5300,2144973,2.197896202,42.32160357,175300
1417,17,5302,2490365,2.476935008,42.33222208,175302
1418,17,5304,2141388,2.27049801,42.3401006,175304
1419,17,5305,662505,2.076287127,42.33870046,175305
1420,17,5308,15235221,2.901736815,42.35137624,175308
1421,17,5310,696797,1.930321486,42.35544352,175310
1422,17,5311,2137620,3.120322637,42.36936741,175311
1423,17,5312,2466016,2.828837683,42.36930278,175312
1424,17,5313,2451137,3.022982052,42.37843432,175313
1425,17,5314,2135282,2.160773497,42.37537404,175314
1426,17,5316,2446104,2.950275385,42.3874319,175316
1427,17,5319,2133953,2.367066014,42.39471056,175319
1428,17,5320,2445190,3.047478534,42.40544494,175320
1429,17,5323,648530,1.820213782,42.39962693,175323
1430,17,5325,663595,2.306022025,42.42137517,175325
1431,17,5329,2128074,1.783076989,42.43502783,175329
1432,17,5330,2125188,2.962162169,42.45937637,175330
1433,17,6007,2139457,2.440727968,42.3499553,176007
1434,17,6008,2139457,2.452581856,42.3411145,176008
1435,17,6009,2141935,2.258359439,42.34002273,176009
1436,17,6011,474682,2.064270797,42.329597,176011
1437,17,6012,2142794,2.416247656,42.33192918,176012
1438,17,6013,2144945,2.210031061,42.32168781,176013
1439,17,6014,2148524,2.367968881,42.30465489,176014
1440,17,6015,2154626,2.259055045,42.26832053,176015
1441,17,6016,2484781,2.222976142,42.25885043,176016
1442,17,6067,2142108,2.391743235,42.33171175,176067
1443,17,6089,2187255,2.938433777,42.07220547,176089
