id,full_name,address,city,country
1,John smith,25 Oak Street,London,United Kingdom
2,Emily Johnson,14 Maple Avenue,Manchester,United Kingdom
3,Michael Williams,82 Pine Road,Liverpool,United Kingdom
4,Sarah Brown,7 King Street,Bristol,United Kingdom
5,David Jones,31 High Street,Leeds,United Kingdom
6,Emily Johnson,14 Maple Avenue,Manchester,United Kingdom
7,Robert Davis,56 Queen Road,Birmingham,United Kingdom
8,Jessica Miller,19 Park Lane,Oxford,United Kingdom
9,Michael Williams,82 Pine Road,Liverpool,United Kingdom
10,Daniel Wilson,44 Victoria Street,Edinburgh,United Kingdom
11,Lisa Anderson,103 Church Road,Glasgow,United Kingdom
12,John Smith,25 Oak Street,London,United Kingdom
13,Christopher Taylor,68 Station Road,Cambridge,United Kingdom
14,Emma Thomas,12 Garden Street,York,United Kingdom
15,Olivia Moore,90 River Road,Cardiff,United Kingdom
16,John Smith,48 River Lane,Brighton,United Kingdom
17,Emily Johnson,90 Park Avenue,Birmingham,United Kingdom